{"eval/loss": 3.0992119312286377, "eval/rouge1": 0.441, "eval/rouge2": 0.2548, "eval/rougeL": 0.406, "eval/rougeLsum": 0.4061, "eval/gen_len": 13.5712, "eval/bleu": 0.1323, "eval/brevity_penalty": 0.9137, "eval/length_ratio": 0.9173, "eval/translation_length": 110547, "eval/reference_length": 120520, "eval/runtime": 467.8226, "eval/samples_per_second": 36.029, "eval/steps_per_second": 2.253, "train/global_step": 2458, "_timestamp": 1691004567.77782, "_runtime": 1195.0371670722961, "_step": 25, "train/loss": 3.2719, "train/learning_rate": 4.1942324003392705e-05, "train/epoch": 1.0}